id,food_item_description,year,percent_change,pricing_index
87,Beef and veal,1974,2.9,CONSUMER
88,Beef and veal,1975,1,CONSUMER
89,Beef and veal,1976,-3.2,CONSUMER
90,Beef and veal,1977,-0.7,CONSUMER
91,Beef and veal,1978,22.9,CONSUMER
92,Beef and veal,1979,27.4,CONSUMER
93,Beef and veal,1980,5.7,CONSUMER
94,Beef and veal,1981,0.8,CONSUMER
95,Beef and veal,1982,1.4,CONSUMER
96,Beef and veal,1983,-1.5,CONSUMER
97,Beef and veal,1984,1.2,CONSUMER
98,Beef and veal,1985,-2.1,CONSUMER
99,Beef and veal,1986,0.6,CONSUMER
100,Beef and veal,1987,7.6,CONSUMER
101,Beef and veal,1988,5.5,CONSUMER
102,Beef and veal,1989,6.4,CONSUMER
103,Beef and veal,1990,8,CONSUMER
104,Beef and veal,1991,2.8,CONSUMER
105,Beef and veal,1992,-0.1,CONSUMER
106,Beef and veal,1993,3.6,CONSUMER
107,Beef and veal,1994,-0.8,CONSUMER
108,Beef and veal,1995,-0.8,CONSUMER
109,Beef and veal,1996,-0.3,CONSUMER
110,Beef and veal,1997,1.7,CONSUMER
111,Beef and veal,1998,-0.2,CONSUMER
112,Beef and veal,1999,2,CONSUMER
113,Beef and veal,2000,6.4,CONSUMER
114,Beef and veal,2001,8.4,CONSUMER
115,Beef and veal,2002,0.1,CONSUMER
116,Beef and veal,2003,9,CONSUMER
117,Beef and veal,2004,11.5,CONSUMER
118,Beef and veal,2005,2.6,CONSUMER
119,Beef and veal,2006,0.8,CONSUMER
120,Beef and veal,2007,4.4,CONSUMER
121,Beef and veal,2008,4.5,CONSUMER
122,Beef and veal,2009,-1.0488708695798534,CONSUMER
123,Beef and veal,2010,2.8581594969291357,CONSUMER
124,Beef and veal,2011,10.2,CONSUMER
125,Beef and veal,2012,6.4,CONSUMER
126,Beef and veal,2013,2,CONSUMER
127,Beef and veal,2014,12.1,CONSUMER
128,Beef and veal,2015,7.2,CONSUMER
129,Beef and veal,2016,-6.3,CONSUMER
646,Cereals and bakery products,1974,29.9,CONSUMER
647,Cereals and bakery products,1975,11.3,CONSUMER
648,Cereals and bakery products,1976,-2.2,CONSUMER
649,Cereals and bakery products,1977,1.6,CONSUMER
650,Cereals and bakery products,1978,9,CONSUMER
651,Cereals and bakery products,1979,10,CONSUMER
652,Cereals and bakery products,1980,12,CONSUMER
653,Cereals and bakery products,1981,10,CONSUMER
654,Cereals and bakery products,1982,4.6,CONSUMER
655,Cereals and bakery products,1983,3.2,CONSUMER
656,Cereals and bakery products,1984,4.3,CONSUMER
657,Cereals and bakery products,1985,3.8,CONSUMER
658,Cereals and bakery products,1986,2.8,CONSUMER
659,Cereals and bakery products,1987,3.5,CONSUMER
660,Cereals and bakery products,1988,6.4,CONSUMER
661,Cereals and bakery products,1989,8.4,CONSUMER
662,Cereals and bakery products,1990,5.7,CONSUMER
663,Cereals and bakery products,1991,4.1,CONSUMER
664,Cereals and bakery products,1992,3.9,CONSUMER
665,Cereals and bakery products,1993,3.4,CONSUMER
666,Cereals and bakery products,1994,4.1,CONSUMER
667,Cereals and bakery products,1995,2.8,CONSUMER
668,Cereals and bakery products,1996,3.9,CONSUMER
669,Cereals and bakery products,1997,2.1,CONSUMER
670,Cereals and bakery products,1998,2,CONSUMER
671,Cereals and bakery products,1999,2.2,CONSUMER
672,Cereals and bakery products,2000,1.8,CONSUMER
673,Cereals and bakery products,2001,2.9,CONSUMER
674,Cereals and bakery products,2002,2.2,CONSUMER
675,Cereals and bakery products,2003,2.4,CONSUMER
676,Cereals and bakery products,2004,1.6,CONSUMER
677,Cereals and bakery products,2005,1.5,CONSUMER
678,Cereals and bakery products,2006,1.8,CONSUMER
679,Cereals and bakery products,2007,4.4,CONSUMER
680,Cereals and bakery products,2008,10.2,CONSUMER
681,Cereals and bakery products,2009,3.150425527135667,CONSUMER
682,Cereals and bakery products,2010,-0.8385890877176339,CONSUMER
683,Cereals and bakery products,2011,3.9,CONSUMER
684,Cereals and bakery products,2012,2.8,CONSUMER
685,Cereals and bakery products,2013,1,CONSUMER
686,Cereals and bakery products,2014,0.2,CONSUMER
687,Cereals and bakery products,2015,1.1,CONSUMER
688,Cereals and bakery products,2016,-0.3,CONSUMER
1,Crude foodstuffs and feedstuffs,1974,5.2,PRODUCER
2,Crude foodstuffs and feedstuffs,1975,1.3,PRODUCER
3,Crude foodstuffs and feedstuffs,1976,-0.8,PRODUCER
4,Crude foodstuffs and feedstuffs,1977,0.9,PRODUCER
5,Crude foodstuffs and feedstuffs,1978,12.6,PRODUCER
6,Crude foodstuffs and feedstuffs,1979,14.5,PRODUCER
7,Crude foodstuffs and feedstuffs,1980,4.6,PRODUCER
8,Crude foodstuffs and feedstuffs,1981,-0.7,PRODUCER
9,Crude foodstuffs and feedstuffs,1982,-3.8,PRODUCER
10,Crude foodstuffs and feedstuffs,1983,1.8,PRODUCER
11,Crude foodstuffs and feedstuffs,1984,2.8,PRODUCER
12,Crude foodstuffs and feedstuffs,1985,-9.5,PRODUCER
13,Crude foodstuffs and feedstuffs,1986,-1.7,PRODUCER
14,Crude foodstuffs and feedstuffs,1987,3.2,PRODUCER
15,Crude foodstuffs and feedstuffs,1988,10.3,PRODUCER
16,Crude foodstuffs and feedstuffs,1989,4.8,PRODUCER
17,Crude foodstuffs and feedstuffs,1990,1.7,PRODUCER
18,Crude foodstuffs and feedstuffs,1991,-6.7,PRODUCER
19,Crude foodstuffs and feedstuffs,1992,-0.4,PRODUCER
20,Crude foodstuffs and feedstuffs,1993,3.1,PRODUCER
21,Crude foodstuffs and feedstuffs,1994,-1.8,PRODUCER
22,Crude foodstuffs and feedstuffs,1995,-0.7,PRODUCER
23,Crude foodstuffs and feedstuffs,1996,14.8,PRODUCER
24,Crude foodstuffs and feedstuffs,1997,-7.7,PRODUCER
25,Crude foodstuffs and feedstuffs,1998,-7.4,PRODUCER
26,Crude foodstuffs and feedstuffs,1999,-5,PRODUCER
27,Crude foodstuffs and feedstuffs,2000,1.5,PRODUCER
28,Crude foodstuffs and feedstuffs,2001,5.9,PRODUCER
29,Crude foodstuffs and feedstuffs,2002,-6.2,PRODUCER
30,Crude foodstuffs and feedstuffs,2003,14.1,PRODUCER
31,Crude foodstuffs and feedstuffs,2004,11.9,PRODUCER
32,Crude foodstuffs and feedstuffs,2005,-3.4,PRODUCER
33,Crude foodstuffs and feedstuffs,2006,-2.8,PRODUCER
34,Crude foodstuffs and feedstuffs,2007,23,PRODUCER
35,Crude foodstuffs and feedstuffs,2008,11.4,PRODUCER
36,Crude foodstuffs and feedstuffs,2009,-17.7,PRODUCER
37,Crude foodstuffs and feedstuffs,2010,13.3,PRODUCER
38,Crude foodstuffs and feedstuffs,2011,23.6,PRODUCER
39,Crude foodstuffs and feedstuffs,2012,4.197072221485147,PRODUCER
40,Crude foodstuffs and feedstuffs,2013,2,PRODUCER
41,Crude foodstuffs and feedstuffs,2014,4.9,PRODUCER
42,Crude foodstuffs and feedstuffs,2015,-13.9,PRODUCER
43,Crude foodstuffs and feedstuffs,2016,-10.7,PRODUCER
345,Dairy products,1974,18.6,CONSUMER
346,Dairy products,1975,3.1,CONSUMER
347,Dairy products,1976,8.1,CONSUMER
348,Dairy products,1977,2.7,CONSUMER
349,Dairy products,1978,6.8,CONSUMER
350,Dairy products,1979,11.6,CONSUMER
351,Dairy products,1980,9.8,CONSUMER
352,Dairy products,1981,7.2,CONSUMER
353,Dairy products,1982,1.4,CONSUMER
354,Dairy products,1983,1.2,CONSUMER
355,Dairy products,1984,1.3,CONSUMER
356,Dairy products,1985,1.9,CONSUMER
357,Dairy products,1986,0.1,CONSUMER
358,Dairy products,1987,2.5,CONSUMER
359,Dairy products,1988,2.4,CONSUMER
360,Dairy products,1989,6.6,CONSUMER
361,Dairy products,1990,9.4,CONSUMER
362,Dairy products,1991,-1.1,CONSUMER
363,Dairy products,1992,2.7,CONSUMER
364,Dairy products,1993,0.7,CONSUMER
365,Dairy products,1994,1.8,CONSUMER
366,Dairy products,1995,0.8,CONSUMER
367,Dairy products,1996,7,CONSUMER
368,Dairy products,1997,2.4,CONSUMER
369,Dairy products,1998,3.6,CONSUMER
370,Dairy products,1999,5.8,CONSUMER
371,Dairy products,2000,0.7,CONSUMER
372,Dairy products,2001,4,CONSUMER
373,Dairy products,2002,0.6,CONSUMER
374,Dairy products,2003,-0.1,CONSUMER
375,Dairy products,2004,7.3,CONSUMER
376,Dairy products,2005,1.2,CONSUMER
377,Dairy products,2006,-0.5,CONSUMER
378,Dairy products,2007,7.4,CONSUMER
379,Dairy products,2008,8,CONSUMER
380,Dairy products,2009,-6.361100020912945,CONSUMER
381,Dairy products,2010,1.1330076348793128,CONSUMER
382,Dairy products,2011,6.8,CONSUMER
383,Dairy products,2012,2.1,CONSUMER
384,Dairy products,2013,0.1,CONSUMER
385,Dairy products,2014,3.6,CONSUMER
386,Dairy products,2015,-1.3,CONSUMER
387,Dairy products,2016,-2.3,CONSUMER
302,Eggs,1974,0.4,CONSUMER
303,Eggs,1975,-1.8,CONSUMER
304,Eggs,1976,9.2,CONSUMER
305,Eggs,1977,-3.2,CONSUMER
306,Eggs,1978,-5.4,CONSUMER
307,Eggs,1979,9.5,CONSUMER
308,Eggs,1980,-1.8,CONSUMER
309,Eggs,1981,8.2,CONSUMER
310,Eggs,1982,-2.7,CONSUMER
311,Eggs,1983,4.7,CONSUMER
312,Eggs,1984,11.7,CONSUMER
313,Eggs,1985,-16.6,CONSUMER
314,Eggs,1986,6.8,CONSUMER
315,Eggs,1987,-5.9,CONSUMER
316,Eggs,1988,2.3,CONSUMER
317,Eggs,1989,26.6,CONSUMER
318,Eggs,1990,4.7,CONSUMER
319,Eggs,1991,-2.3,CONSUMER
320,Eggs,1992,-10.6,CONSUMER
321,Eggs,1993,8.1,CONSUMER
322,Eggs,1994,-2.4,CONSUMER
323,Eggs,1995,5.4,CONSUMER
324,Eggs,1996,17.9,CONSUMER
325,Eggs,1997,-1.5,CONSUMER
326,Eggs,1998,-3.3,CONSUMER
327,Eggs,1999,-5.4,CONSUMER
328,Eggs,2000,3,CONSUMER
329,Eggs,2001,3.4,CONSUMER
330,Eggs,2002,1.3,CONSUMER
331,Eggs,2003,13.8,CONSUMER
332,Eggs,2004,6.2,CONSUMER
333,Eggs,2005,-13.7,CONSUMER
334,Eggs,2006,4.9,CONSUMER
335,Eggs,2007,29.2,CONSUMER
336,Eggs,2008,14,CONSUMER
337,Eggs,2009,-14.67554277016147,CONSUMER
338,Eggs,2010,1.4782323834984235,CONSUMER
339,Eggs,2011,9.2,CONSUMER
340,Eggs,2012,3.2,CONSUMER
341,Eggs,2013,3.3,CONSUMER
342,Eggs,2014,8.4,CONSUMER
343,Eggs,2015,17.8,CONSUMER
344,Eggs,2016,-21.1,CONSUMER
130,Farm level cattle,1974,-10.2,PRODUCER
131,Farm level cattle,1975,-1.7,PRODUCER
132,Farm level cattle,1976,-7.1,PRODUCER
133,Farm level cattle,1977,2.3,PRODUCER
134,Farm level cattle,1978,32.4,PRODUCER
135,Farm level cattle,1979,30.5,PRODUCER
136,Farm level cattle,1980,-2.1,PRODUCER
137,Farm level cattle,1981,-4.7,PRODUCER
138,Farm level cattle,1982,0,PRODUCER
139,Farm level cattle,1983,-3.1,PRODUCER
140,Farm level cattle,1984,3.7,PRODUCER
141,Farm level cattle,1985,-9.3,PRODUCER
142,Farm level cattle,1986,-2.1,PRODUCER
143,Farm level cattle,1987,15.1,PRODUCER
144,Farm level cattle,1988,6.5,PRODUCER
145,Farm level cattle,1989,3.9,PRODUCER
146,Farm level cattle,1990,7.6,PRODUCER
147,Farm level cattle,1991,-5.5,PRODUCER
148,Farm level cattle,1992,-0.3,PRODUCER
149,Farm level cattle,1993,1.1,PRODUCER
150,Farm level cattle,1994,-9.3,PRODUCER
151,Farm level cattle,1995,-6,PRODUCER
152,Farm level cattle,1996,-3.7,PRODUCER
153,Farm level cattle,1997,2.2,PRODUCER
154,Farm level cattle,1998,-5.5,PRODUCER
155,Farm level cattle,1999,5.5,PRODUCER
156,Farm level cattle,2000,6.7,PRODUCER
157,Farm level cattle,2001,4.1,PRODUCER
158,Farm level cattle,2002,-7,PRODUCER
159,Farm level cattle,2003,23.3,PRODUCER
160,Farm level cattle,2004,1.5,PRODUCER
161,Farm level cattle,2005,4.2,PRODUCER
162,Farm level cattle,2006,-4,PRODUCER
163,Farm level cattle,2007,7.8,PRODUCER
164,Farm level cattle,2008,0,PRODUCER
165,Farm level cattle,2009,-10.4,PRODUCER
166,Farm level cattle,2010,14.6,PRODUCER
167,Farm level cattle,2011,22.1,PRODUCER
168,Farm level cattle,2012,8.604776090247615,PRODUCER
169,Farm level cattle,2013,1.4,PRODUCER
170,Farm level cattle,2014,22.8,PRODUCER
171,Farm level cattle,2015,-2.3,PRODUCER
172,Farm level cattle,2016,-19.4,PRODUCER
302,Farm level eggs,1974,-3,PRODUCER
303,Farm level eggs,1975,-0.6,PRODUCER
304,Farm level eggs,1976,12.1,PRODUCER
305,Farm level eggs,1977,-9.6,PRODUCER
306,Farm level eggs,1978,-2.1,PRODUCER
307,Farm level eggs,1979,11.4,PRODUCER
308,Farm level eggs,1980,-3.1,PRODUCER
309,Farm level eggs,1981,9.4,PRODUCER
310,Farm level eggs,1982,-4.5,PRODUCER
311,Farm level eggs,1983,,PRODUCER
312,Farm level eggs,1984,,PRODUCER
313,Farm level eggs,1985,-18.8,PRODUCER
314,Farm level eggs,1986,4.1,PRODUCER
315,Farm level eggs,1987,-12,PRODUCER
316,Farm level eggs,1988,1.1,PRODUCER
317,Farm level eggs,1989,35,PRODUCER
318,Farm level eggs,1990,-1.7,PRODUCER
319,Farm level eggs,1991,-5.9,PRODUCER
320,Farm level eggs,1992,-15,PRODUCER
321,Farm level eggs,1993,12.5,PRODUCER
322,Farm level eggs,1994,-7.6,PRODUCER
323,Farm level eggs,1995,6.4,PRODUCER
324,Farm level eggs,1996,25.6,PRODUCER
325,Farm level eggs,1997,-9,PRODUCER
326,Farm level eggs,1998,-9.6,PRODUCER
327,Farm level eggs,1999,-16.9,PRODUCER
328,Farm level eggs,2000,9.4,PRODUCER
329,Farm level eggs,2001,-4.2,PRODUCER
330,Farm level eggs,2002,2.2,PRODUCER
331,Farm level eggs,2003,37.9,PRODUCER
332,Farm level eggs,2004,-7.3,PRODUCER
333,Farm level eggs,2005,-26.5,PRODUCER
334,Farm level eggs,2006,10.8,PRODUCER
335,Farm level eggs,2007,61.2,PRODUCER
336,Farm level eggs,2008,17.7,PRODUCER
337,Farm level eggs,2009,-26.4,PRODUCER
338,Farm level eggs,2010,0.5,PRODUCER
339,Farm level eggs,2011,16.5,PRODUCER
340,Farm level eggs,2012,1.3690232938291704,PRODUCER
341,Farm level eggs,2013,9.4,PRODUCER
342,Farm level eggs,2014,17.8,PRODUCER
343,Farm level eggs,2015,31.9,PRODUCER
344,Farm level eggs,2016,-59.1,PRODUCER
517,Farm level fruit,1974,6.3,PRODUCER
518,Farm level fruit,1975,9.5,PRODUCER
519,Farm level fruit,1976,1.2,PRODUCER
520,Farm level fruit,1977,11.1,PRODUCER
521,Farm level fruit,1978,20.3,PRODUCER
522,Farm level fruit,1979,9,PRODUCER
523,Farm level fruit,1980,2.1,PRODUCER
524,Farm level fruit,1981,-3.7,PRODUCER
525,Farm level fruit,1982,3.5,PRODUCER
526,Farm level fruit,1983,6.4,PRODUCER
527,Farm level fruit,1984,0.4,PRODUCER
528,Farm level fruit,1985,1.2,PRODUCER
529,Farm level fruit,1986,4.4,PRODUCER
530,Farm level fruit,1987,-0.8,PRODUCER
531,Farm level fruit,1988,1.3,PRODUCER
532,Farm level fruit,1989,-0.3,PRODUCER
533,Farm level fruit,1990,4.3,PRODUCER
534,Farm level fruit,1991,10,PRODUCER
535,Farm level fruit,1992,-35.3,PRODUCER
536,Farm level fruit,1993,0.6,PRODUCER
537,Farm level fruit,1994,-2.1,PRODUCER
538,Farm level fruit,1995,3.7,PRODUCER
539,Farm level fruit,1996,17.5,PRODUCER
540,Farm level fruit,1997,-1.4,PRODUCER
541,Farm level fruit,1998,-9,PRODUCER
542,Farm level fruit,1999,14.5,PRODUCER
543,Farm level fruit,2000,-11.8,PRODUCER
544,Farm level fruit,2001,6.9,PRODUCER
545,Farm level fruit,2002,-6.3,PRODUCER
546,Farm level fruit,2003,-8.1,PRODUCER
547,Farm level fruit,2004,24.7,PRODUCER
548,Farm level fruit,2005,-2,PRODUCER
549,Farm level fruit,2006,8,PRODUCER
550,Farm level fruit,2007,11.2,PRODUCER
551,Farm level fruit,2008,-0.4,PRODUCER
552,Farm level fruit,2009,-10.2,PRODUCER
553,Farm level fruit,2010,12.1,PRODUCER
554,Farm level fruit,2011,-4.9,PRODUCER
555,Farm level fruit,2012,1.1186632681959874,PRODUCER
556,Farm level fruit,2013,1.8,PRODUCER
557,Farm level fruit,2014,2.7,PRODUCER
558,Farm level fruit,2015,-0.1,PRODUCER
559,Farm level fruit,2016,11.6,PRODUCER
345,Farm level milk,1974,19.3,PRODUCER
346,Farm level milk,1975,4.2,PRODUCER
347,Farm level milk,1976,11.6,PRODUCER
348,Farm level milk,1977,0.8,PRODUCER
349,Farm level milk,1978,8.4,PRODUCER
350,Farm level milk,1979,13.8,PRODUCER
351,Farm level milk,1980,8.5,PRODUCER
352,Farm level milk,1981,5.9,PRODUCER
353,Farm level milk,1982,-1.7,PRODUCER
354,Farm level milk,1983,-0.2,PRODUCER
355,Farm level milk,1984,-1.3,PRODUCER
356,Farm level milk,1985,-4.9,PRODUCER
357,Farm level milk,1986,-2.9,PRODUCER
358,Farm level milk,1987,1,PRODUCER
359,Farm level milk,1988,-2.7,PRODUCER
360,Farm level milk,1989,10.5,PRODUCER
361,Farm level milk,1990,2,PRODUCER
362,Farm level milk,1991,-11.2,PRODUCER
363,Farm level milk,1992,7.4,PRODUCER
364,Farm level milk,1993,-2.1,PRODUCER
365,Farm level milk,1994,1.7,PRODUCER
366,Farm level milk,1995,-2.2,PRODUCER
367,Farm level milk,1996,15.3,PRODUCER
368,Farm level milk,1997,-9.6,PRODUCER
369,Farm level milk,1998,15.8,PRODUCER
370,Farm level milk,1999,-5.8,PRODUCER
371,Farm level milk,2000,-13.5,PRODUCER
372,Farm level milk,2001,21.5,PRODUCER
373,Farm level milk,2002,-18.8,PRODUCER
374,Farm level milk,2003,3.3,PRODUCER
375,Farm level milk,2004,28,PRODUCER
376,Farm level milk,2005,-5.5,PRODUCER
377,Farm level milk,2006,-14.8,PRODUCER
378,Farm level milk,2007,48.2,PRODUCER
379,Farm level milk,2008,-4.3,PRODUCER
380,Farm level milk,2009,-30.1,PRODUCER
381,Farm level milk,2010,27.1,PRODUCER
382,Farm level milk,2011,23.5,PRODUCER
383,Farm level milk,2012,-8.113792340048706,PRODUCER
384,Farm level milk,2013,8.1,PRODUCER
385,Farm level milk,2014,19.8,PRODUCER
386,Farm level milk,2015,-30.1,PRODUCER
387,Farm level milk,2016,-5,PRODUCER
431,Farm level soybeans,1974,-4.7,PRODUCER
432,Farm level soybeans,1975,-18.4,PRODUCER
433,Farm level soybeans,1976,6,PRODUCER
434,Farm level soybeans,1977,18.8,PRODUCER
435,Farm level soybeans,1978,-5.8,PRODUCER
436,Farm level soybeans,1979,8.1,PRODUCER
437,Farm level soybeans,1980,-0.4,PRODUCER
438,Farm level soybeans,1981,0,PRODUCER
439,Farm level soybeans,1982,-14.5,PRODUCER
440,Farm level soybeans,1983,16.3,PRODUCER
441,Farm level soybeans,1984,2.7,PRODUCER
442,Farm level soybeans,1985,-21.1,PRODUCER
443,Farm level soybeans,1986,-8.3,PRODUCER
444,Farm level soybeans,1987,2.2,PRODUCER
445,Farm level soybeans,1988,41.3,PRODUCER
446,Farm level soybeans,1989,-8.4,PRODUCER
447,Farm level soybeans,1990,-11.8,PRODUCER
448,Farm level soybeans,1991,-5.7,PRODUCER
449,Farm level soybeans,1992,2.3,PRODUCER
450,Farm level soybeans,1993,7.7,PRODUCER
451,Farm level soybeans,1994,1.1,PRODUCER
452,Farm level soybeans,1995,-3.6,PRODUCER
453,Farm level soybeans,1996,25.1,PRODUCER
454,Farm level soybeans,1997,2.4,PRODUCER
455,Farm level soybeans,1998,-21.1,PRODUCER
456,Farm level soybeans,1999,-22.5,PRODUCER
457,Farm level soybeans,2000,4.1,PRODUCER
458,Farm level soybeans,2001,-5.8,PRODUCER
459,Farm level soybeans,2002,11.6,PRODUCER
460,Farm level soybeans,2003,24.1,PRODUCER
461,Farm level soybeans,2004,19.5,PRODUCER
462,Farm level soybeans,2005,-21.1,PRODUCER
463,Farm level soybeans,2006,-5.7,PRODUCER
464,Farm level soybeans,2007,42.5,PRODUCER
465,Farm level soybeans,2008,47.9,PRODUCER
466,Farm level soybeans,2009,-13.7,PRODUCER
467,Farm level soybeans,2010,0.7,PRODUCER
468,Farm level soybeans,2011,24,PRODUCER
469,Farm level soybeans,2012,13.189648630188952,PRODUCER
470,Farm level soybeans,2013,-1.9,PRODUCER
471,Farm level soybeans,2014,-12.4,PRODUCER
472,Farm level soybeans,2015,-24.7,PRODUCER
473,Farm level soybeans,2016,2.9,PRODUCER
560,Farm level vegetables,1974,17.4,PRODUCER
561,Farm level vegetables,1975,-8.7,PRODUCER
562,Farm level vegetables,1976,-7.7,PRODUCER
563,Farm level vegetables,1977,3.7,PRODUCER
564,Farm level vegetables,1978,7,PRODUCER
565,Farm level vegetables,1979,0.5,PRODUCER
566,Farm level vegetables,1980,8.9,PRODUCER
567,Farm level vegetables,1981,26.9,PRODUCER
568,Farm level vegetables,1982,-11.3,PRODUCER
569,Farm level vegetables,1983,1,PRODUCER
570,Farm level vegetables,1984,11.8,PRODUCER
571,Farm level vegetables,1985,-11.9,PRODUCER
572,Farm level vegetables,1986,-1.7,PRODUCER
573,Farm level vegetables,1987,6.1,PRODUCER
574,Farm level vegetables,1988,1.6,PRODUCER
575,Farm level vegetables,1989,10.6,PRODUCER
576,Farm level vegetables,1990,1.2,PRODUCER
577,Farm level vegetables,1991,-12.1,PRODUCER
578,Farm level vegetables,1992,10.8,PRODUCER
579,Farm level vegetables,1993,17.6,PRODUCER
580,Farm level vegetables,1994,-4.6,PRODUCER
581,Farm level vegetables,1995,11.9,PRODUCER
582,Farm level vegetables,1996,-6.5,PRODUCER
583,Farm level vegetables,1997,-8.8,PRODUCER
584,Farm level vegetables,1998,13.3,PRODUCER
585,Farm level vegetables,1999,-15.4,PRODUCER
586,Farm level vegetables,2000,7.4,PRODUCER
587,Farm level vegetables,2001,-1.6,PRODUCER
588,Farm level vegetables,2002,9.5,PRODUCER
589,Farm level vegetables,2003,-0.6,PRODUCER
590,Farm level vegetables,2004,-4.6,PRODUCER
591,Farm level vegetables,2005,10.2,PRODUCER
592,Farm level vegetables,2006,7.5,PRODUCER
593,Farm level vegetables,2007,8,PRODUCER
594,Farm level vegetables,2008,4.1,PRODUCER
595,Farm level vegetables,2009,-5.9,PRODUCER
596,Farm level vegetables,2010,10,PRODUCER
597,Farm level vegetables,2011,9.3,PRODUCER
598,Farm level vegetables,2012,-19.78819711333163,PRODUCER
599,Farm level vegetables,2013,26.4,PRODUCER
600,Farm level vegetables,2014,-1.9,PRODUCER
601,Farm level vegetables,2015,3.2,PRODUCER
602,Farm level vegetables,2016,0.9,PRODUCER
603,Farm level wheat,1974,33.3,PRODUCER
604,Farm level wheat,1975,-19.7,PRODUCER
605,Farm level wheat,1976,-13.3,PRODUCER
606,Farm level wheat,1977,-22.5,PRODUCER
607,Farm level wheat,1978,24.3,PRODUCER
608,Farm level wheat,1979,23.6,PRODUCER
609,Farm level wheat,1980,7.8,PRODUCER
610,Farm level wheat,1981,0.2,PRODUCER
611,Farm level wheat,1982,-7.8,PRODUCER
612,Farm level wheat,1983,0.7,PRODUCER
613,Farm level wheat,1984,-4,PRODUCER
614,Farm level wheat,1985,-9.4,PRODUCER
615,Farm level wheat,1986,-12.9,PRODUCER
616,Farm level wheat,1987,-4.6,PRODUCER
617,Farm level wheat,1988,28.7,PRODUCER
618,Farm level wheat,1989,16.9,PRODUCER
619,Farm level wheat,1990,-20,PRODUCER
620,Farm level wheat,1991,-9.4,PRODUCER
621,Farm level wheat,1992,24.1,PRODUCER
622,Farm level wheat,1993,-0.1,PRODUCER
623,Farm level wheat,1994,6.5,PRODUCER
624,Farm level wheat,1995,13.2,PRODUCER
625,Farm level wheat,1996,15.2,PRODUCER
626,Farm level wheat,1997,-20.8,PRODUCER
627,Farm level wheat,1998,-18.9,PRODUCER
628,Farm level wheat,1999,-9.5,PRODUCER
629,Farm level wheat,2000,1,PRODUCER
630,Farm level wheat,2001,6.5,PRODUCER
631,Farm level wheat,2002,14.5,PRODUCER
632,Farm level wheat,2003,0.6,PRODUCER
633,Farm level wheat,2004,7.6,PRODUCER
634,Farm level wheat,2005,-2,PRODUCER
635,Farm level wheat,2006,8,PRODUCER
636,Farm level wheat,2007,11.2,PRODUCER
637,Farm level wheat,2008,-0.4,PRODUCER
638,Farm level wheat,2009,-10.2,PRODUCER
639,Farm level wheat,2010,12.1,PRODUCER
640,Farm level wheat,2011,-4.9,PRODUCER
641,Farm level wheat,2012,-2.6331007363429833,PRODUCER
642,Farm level wheat,2013,-3,PRODUCER
643,Farm level wheat,2014,-6.7,PRODUCER
644,Farm level wheat,2015,-19.5,PRODUCER
645,Farm level wheat,2016,-20.4,PRODUCER
388,Fats and oils,1974,41.9,CONSUMER
389,Fats and oils,1975,10.7,CONSUMER
390,Fats and oils,1976,-12.5,CONSUMER
391,Fats and oils,1977,10.1,CONSUMER
392,Fats and oils,1978,9.6,CONSUMER
393,Fats and oils,1979,7.9,CONSUMER
394,Fats and oils,1980,6.7,CONSUMER
395,Fats and oils,1981,10.6,CONSUMER
396,Fats and oils,1982,-2.7,CONSUMER
397,Fats and oils,1983,1.4,CONSUMER
398,Fats and oils,1984,9.4,CONSUMER
399,Fats and oils,1985,2.2,CONSUMER
400,Fats and oils,1986,-2.2,CONSUMER
401,Fats and oils,1987,1.5,CONSUMER
402,Fats and oils,1988,4.6,CONSUMER
403,Fats and oils,1989,7.2,CONSUMER
404,Fats and oils,1990,4.2,CONSUMER
405,Fats and oils,1991,4.3,CONSUMER
406,Fats and oils,1992,-1.4,CONSUMER
407,Fats and oils,1993,0.2,CONSUMER
408,Fats and oils,1994,2.7,CONSUMER
409,Fats and oils,1995,2.8,CONSUMER
410,Fats and oils,1996,2.3,CONSUMER
411,Fats and oils,1997,0.9,CONSUMER
412,Fats and oils,1998,3.7,CONSUMER
413,Fats and oils,1999,1,CONSUMER
414,Fats and oils,2000,-0.6,CONSUMER
415,Fats and oils,2001,5.6,CONSUMER
416,Fats and oils,2002,-0.2,CONSUMER
417,Fats and oils,2003,1.3,CONSUMER
418,Fats and oils,2004,6.6,CONSUMER
419,Fats and oils,2005,-0.1,CONSUMER
420,Fats and oils,2006,0.2,CONSUMER
421,Fats and oils,2007,2.9,CONSUMER
422,Fats and oils,2008,13.8,CONSUMER
423,Fats and oils,2009,2.2736908446268913,CONSUMER
424,Fats and oils,2010,-0.3165210923642525,CONSUMER
425,Fats and oils,2011,9.3,CONSUMER
426,Fats and oils,2012,6.1,CONSUMER
427,Fats and oils,2013,-1.4,CONSUMER
428,Fats and oils,2014,0.1,CONSUMER
429,Fats and oils,2015,-1,CONSUMER
430,Fats and oils,2016,-0.6,CONSUMER
87,Finished consumer foods,1974,14,PRODUCER
88,Finished consumer foods,1975,8.4,PRODUCER
89,Finished consumer foods,1976,-0.3,PRODUCER
90,Finished consumer foods,1977,5.3,PRODUCER
91,Finished consumer foods,1978,9,PRODUCER
92,Finished consumer foods,1979,9.3,PRODUCER
93,Finished consumer foods,1980,5.8,PRODUCER
94,Finished consumer foods,1981,5.8,PRODUCER
95,Finished consumer foods,1982,2.2,PRODUCER
96,Finished consumer foods,1983,1,PRODUCER
97,Finished consumer foods,1984,4.4,PRODUCER
98,Finished consumer foods,1985,-0.8,PRODUCER
99,Finished consumer foods,1986,2.6,PRODUCER
100,Finished consumer foods,1987,2.1,PRODUCER
101,Finished consumer foods,1988,2.8,PRODUCER
102,Finished consumer foods,1989,5.4,PRODUCER
103,Finished consumer foods,1990,4.8,PRODUCER
104,Finished consumer foods,1991,-0.2,PRODUCER
105,Finished consumer foods,1992,-0.6,PRODUCER
106,Finished consumer foods,1993,1.9,PRODUCER
107,Finished consumer foods,1994,0.9,PRODUCER
108,Finished consumer foods,1995,1.7,PRODUCER
109,Finished consumer foods,1996,3.6,PRODUCER
110,Finished consumer foods,1997,0.7,PRODUCER
111,Finished consumer foods,1998,-0.1,PRODUCER
112,Finished consumer foods,1999,0.6,PRODUCER
113,Finished consumer foods,2000,1.6,PRODUCER
114,Finished consumer foods,2001,3,PRODUCER
115,Finished consumer foods,2002,-0.8,PRODUCER
116,Finished consumer foods,2003,4.1,PRODUCER
117,Finished consumer foods,2004,4.7,PRODUCER
118,Finished consumer foods,2005,2,PRODUCER
119,Finished consumer foods,2006,0.6,PRODUCER
120,Finished consumer foods,2007,6.6,PRODUCER
121,Finished consumer foods,2008,6.8,PRODUCER
122,Finished consumer foods,2009,-1.6,PRODUCER
123,Finished consumer foods,2010,3.9,PRODUCER
124,Finished consumer foods,2011,6.3,PRODUCER
125,Finished consumer foods,2012,2.6,PRODUCER
126,Finished consumer foods,2013,2.2,PRODUCER
127,Finished consumer foods,2014,4.4,PRODUCER
128,Finished consumer foods,2015,-1.3,PRODUCER
129,Finished consumer foods,2016,-2.4,PRODUCER
259,Fish and seafood,1974,15.3,CONSUMER
260,Fish and seafood,1975,8.5,CONSUMER
261,Fish and seafood,1976,11.7,CONSUMER
262,Fish and seafood,1977,10.8,CONSUMER
263,Fish and seafood,1978,9.4,CONSUMER
264,Fish and seafood,1979,9.7,CONSUMER
265,Fish and seafood,1980,9.2,CONSUMER
266,Fish and seafood,1981,8.3,CONSUMER
267,Fish and seafood,1982,3.6,CONSUMER
268,Fish and seafood,1983,1.1,CONSUMER
269,Fish and seafood,1984,3.2,CONSUMER
270,Fish and seafood,1985,4.9,CONSUMER
271,Fish and seafood,1986,9.2,CONSUMER
272,Fish and seafood,1987,10.6,CONSUMER
273,Fish and seafood,1988,5.8,CONSUMER
274,Fish and seafood,1989,4.5,CONSUMER
275,Fish and seafood,1990,2.2,CONSUMER
276,Fish and seafood,1991,1.1,CONSUMER
277,Fish and seafood,1992,2.3,CONSUMER
278,Fish and seafood,1993,3.2,CONSUMER
279,Fish and seafood,1994,4.5,CONSUMER
280,Fish and seafood,1995,4.8,CONSUMER
281,Fish and seafood,1996,0.9,CONSUMER
282,Fish and seafood,1997,2.3,CONSUMER
283,Fish and seafood,1998,2.6,CONSUMER
284,Fish and seafood,1999,2,CONSUMER
285,Fish and seafood,2000,2.8,CONSUMER
286,Fish and seafood,2001,0.4,CONSUMER
287,Fish and seafood,2002,-1.6,CONSUMER
288,Fish and seafood,2003,1,CONSUMER
289,Fish and seafood,2004,2.3,CONSUMER
290,Fish and seafood,2005,3,CONSUMER
291,Fish and seafood,2006,4.7,CONSUMER
292,Fish and seafood,2007,4.6,CONSUMER
293,Fish and seafood,2008,5.9,CONSUMER
294,Fish and seafood,2009,3.633466129736947,CONSUMER
295,Fish and seafood,2010,1.110862459105233,CONSUMER
296,Fish and seafood,2011,7.1,CONSUMER
297,Fish and seafood,2012,2.4,CONSUMER
298,Fish and seafood,2013,2.5,CONSUMER
299,Fish and seafood,2014,5.8,CONSUMER
300,Fish and seafood,2015,-0.9,CONSUMER
301,Fish and seafood,2016,-0.7,CONSUMER
517,Fresh fruits,1974,8.7,CONSUMER
518,Fresh fruits,1975,6.8,CONSUMER
519,Fresh fruits,1976,-0.2,CONSUMER
520,Fresh fruits,1977,14.9,CONSUMER
521,Fresh fruits,1978,19.5,CONSUMER
522,Fresh fruits,1979,12.4,CONSUMER
523,Fresh fruits,1980,6.3,CONSUMER
524,Fresh fruits,1981,5.4,CONSUMER
525,Fresh fruits,1982,11.1,CONSUMER
526,Fresh fruits,1983,-4.2,CONSUMER
527,Fresh fruits,1984,11,CONSUMER
528,Fresh fruits,1985,10.1,CONSUMER
529,Fresh fruits,1986,2.1,CONSUMER
530,Fresh fruits,1987,11.2,CONSUMER
531,Fresh fruits,1988,8.3,CONSUMER
532,Fresh fruits,1989,6.6,CONSUMER
533,Fresh fruits,1990,12.1,CONSUMER
534,Fresh fruits,1991,13.5,CONSUMER
535,Fresh fruits,1992,-5,CONSUMER
536,Fresh fruits,1993,2.5,CONSUMER
537,Fresh fruits,1994,6.6,CONSUMER
538,Fresh fruits,1995,8.8,CONSUMER
539,Fresh fruits,1996,7,CONSUMER
540,Fresh fruits,1997,0.8,CONSUMER
541,Fresh fruits,1998,4.3,CONSUMER
542,Fresh fruits,1999,8,CONSUMER
543,Fresh fruits,2000,-3,CONSUMER
544,Fresh fruits,2001,2.6,CONSUMER
545,Fresh fruits,2002,1.9,CONSUMER
546,Fresh fruits,2003,3.3,CONSUMER
547,Fresh fruits,2004,2.8,CONSUMER
548,Fresh fruits,2005,3.7,CONSUMER
549,Fresh fruits,2006,6,CONSUMER
550,Fresh fruits,2007,4.5,CONSUMER
551,Fresh fruits,2008,4.8,CONSUMER
552,Fresh fruits,2009,-6.094589417387958,CONSUMER
553,Fresh fruits,2010,-0.6274586575575336,CONSUMER
554,Fresh fruits,2011,3.3,CONSUMER
555,Fresh fruits,2012,1,CONSUMER
556,Fresh fruits,2013,2,CONSUMER
557,Fresh fruits,2014,4.8,CONSUMER
558,Fresh fruits,2015,-2.2,CONSUMER
559,Fresh fruits,2016,2.2,CONSUMER
474,Fresh fruits & vegetables,1974,7.8,CONSUMER
475,Fresh fruits & vegetables,1975,2.3,CONSUMER
476,Fresh fruits & vegetables,1976,2.4,CONSUMER
477,Fresh fruits & vegetables,1977,13.6,CONSUMER
478,Fresh fruits & vegetables,1978,12.9,CONSUMER
479,Fresh fruits & vegetables,1979,7.6,CONSUMER
480,Fresh fruits & vegetables,1980,7.5,CONSUMER
481,Fresh fruits & vegetables,1981,12,CONSUMER
482,Fresh fruits & vegetables,1982,5.6,CONSUMER
483,Fresh fruits & vegetables,1983,-0.3,CONSUMER
484,Fresh fruits & vegetables,1984,10.9,CONSUMER
485,Fresh fruits & vegetables,1985,2.6,CONSUMER
486,Fresh fruits & vegetables,1986,3,CONSUMER
487,Fresh fruits & vegetables,1987,12.2,CONSUMER
488,Fresh fruits & vegetables,1988,7.3,CONSUMER
489,Fresh fruits & vegetables,1989,8.5,CONSUMER
490,Fresh fruits & vegetables,1990,9,CONSUMER
491,Fresh fruits & vegetables,1991,8.1,CONSUMER
492,Fresh fruits & vegetables,1992,-1.8,CONSUMER
493,Fresh fruits & vegetables,1993,4.4,CONSUMER
494,Fresh fruits & vegetables,1994,4.5,CONSUMER
495,Fresh fruits & vegetables,1995,10.3,CONSUMER
496,Fresh fruits & vegetables,1996,2.8,CONSUMER
497,Fresh fruits & vegetables,1997,1.7,CONSUMER
498,Fresh fruits & vegetables,1998,7.3,CONSUMER
499,Fresh fruits & vegetables,1999,2.6,CONSUMER
500,Fresh fruits & vegetables,2000,0.7,CONSUMER
501,Fresh fruits & vegetables,2001,3.8,CONSUMER
502,Fresh fruits & vegetables,2002,4.2,CONSUMER
503,Fresh fruits & vegetables,2003,2.7,CONSUMER
504,Fresh fruits & vegetables,2004,3.5,CONSUMER
505,Fresh fruits & vegetables,2005,3.9,CONSUMER
506,Fresh fruits & vegetables,2006,5.3,CONSUMER
507,Fresh fruits & vegetables,2007,3.9,CONSUMER
508,Fresh fruits & vegetables,2008,5.2,CONSUMER
509,Fresh fruits & vegetables,2009,-4.8,CONSUMER
510,Fresh fruits & vegetables,2010,0.7,CONSUMER
511,Fresh fruits & vegetables,2011,4.5,CONSUMER
512,Fresh fruits & vegetables,2012,-2,CONSUMER
513,Fresh fruits & vegetables,2013,3.3,CONSUMER
514,Fresh fruits & vegetables,2014,1.9,CONSUMER
515,Fresh fruits & vegetables,2015,-0.5,CONSUMER
516,Fresh fruits & vegetables,2016,1.2,CONSUMER
560,Fresh vegetables,1974,7.3,CONSUMER
561,Fresh vegetables,1975,-1.1,CONSUMER
562,Fresh vegetables,1976,4.3,CONSUMER
563,Fresh vegetables,1977,12.6,CONSUMER
564,Fresh vegetables,1978,8,CONSUMER
565,Fresh vegetables,1979,3,CONSUMER
566,Fresh vegetables,1980,8.8,CONSUMER
567,Fresh vegetables,1981,18.6,CONSUMER
568,Fresh vegetables,1982,0.5,CONSUMER
569,Fresh vegetables,1983,3.6,CONSUMER
570,Fresh vegetables,1984,10.9,CONSUMER
571,Fresh vegetables,1985,-4.3,CONSUMER
572,Fresh vegetables,1986,4.1,CONSUMER
573,Fresh vegetables,1987,12.9,CONSUMER
574,Fresh vegetables,1988,6.3,CONSUMER
575,Fresh vegetables,1989,10.7,CONSUMER
576,Fresh vegetables,1990,5.6,CONSUMER
577,Fresh vegetables,1991,2.2,CONSUMER
578,Fresh vegetables,1992,2.3,CONSUMER
579,Fresh vegetables,1993,6.6,CONSUMER
580,Fresh vegetables,1994,2.3,CONSUMER
581,Fresh vegetables,1995,12.1,CONSUMER
582,Fresh vegetables,1996,-2,CONSUMER
583,Fresh vegetables,1997,2.9,CONSUMER
584,Fresh vegetables,1998,10.9,CONSUMER
585,Fresh vegetables,1999,-3,CONSUMER
586,Fresh vegetables,2000,4.8,CONSUMER
587,Fresh vegetables,2001,5.1,CONSUMER
588,Fresh vegetables,2002,6.4,CONSUMER
589,Fresh vegetables,2003,2.1,CONSUMER
590,Fresh vegetables,2004,4.3,CONSUMER
591,Fresh vegetables,2005,4,CONSUMER
592,Fresh vegetables,2006,4.6,CONSUMER
593,Fresh vegetables,2007,3.2,CONSUMER
594,Fresh vegetables,2008,5.6,CONSUMER
595,Fresh vegetables,2009,-3.3765865575101515,CONSUMER
596,Fresh vegetables,2010,2.0443813197921212,CONSUMER
597,Fresh vegetables,2011,5.6,CONSUMER
598,Fresh vegetables,2012,-5.1,CONSUMER
599,Fresh vegetables,2013,4.7,CONSUMER
600,Fresh vegetables,2014,-1.3,CONSUMER
601,Fresh vegetables,2015,1.6,CONSUMER
602,Fresh vegetables,2016,0,CONSUMER
431,Fruits and vegetables,1974,16.5,CONSUMER
432,Fruits and vegetables,1975,3.1,CONSUMER
433,Fruits and vegetables,1976,2.6,CONSUMER
434,Fruits and vegetables,1977,9.2,CONSUMER
435,Fruits and vegetables,1978,11.1,CONSUMER
436,Fruits and vegetables,1979,8,CONSUMER
437,Fruits and vegetables,1980,7.2,CONSUMER
438,Fruits and vegetables,1981,12.1,CONSUMER
439,Fruits and vegetables,1982,5.4,CONSUMER
440,Fruits and vegetables,1983,0.3,CONSUMER
441,Fruits and vegetables,1984,8.6,CONSUMER
442,Fruits and vegetables,1985,2.6,CONSUMER
443,Fruits and vegetables,1986,0.9,CONSUMER
444,Fruits and vegetables,1987,8.9,CONSUMER
445,Fruits and vegetables,1988,7.6,CONSUMER
446,Fruits and vegetables,1989,7.7,CONSUMER
447,Fruits and vegetables,1990,8,CONSUMER
448,Fruits and vegetables,1991,4.6,CONSUMER
449,Fruits and vegetables,1992,-0.3,CONSUMER
450,Fruits and vegetables,1993,2.3,CONSUMER
451,Fruits and vegetables,1994,3.8,CONSUMER
452,Fruits and vegetables,1995,7.7,CONSUMER
453,Fruits and vegetables,1996,3.5,CONSUMER
454,Fruits and vegetables,1997,2,CONSUMER
455,Fruits and vegetables,1998,5.7,CONSUMER
456,Fruits and vegetables,1999,2.5,CONSUMER
457,Fruits and vegetables,2000,0.7,CONSUMER
458,Fruits and vegetables,2001,3.7,CONSUMER
459,Fruits and vegetables,2002,4.1,CONSUMER
460,Fruits and vegetables,2003,2.3,CONSUMER
461,Fruits and vegetables,2004,3,CONSUMER
462,Fruits and vegetables,2005,3.7,CONSUMER
463,Fruits and vegetables,2006,4.8,CONSUMER
464,Fruits and vegetables,2007,3.8,CONSUMER
465,Fruits and vegetables,2008,6.2,CONSUMER
466,Fruits and vegetables,2009,-2.146607197860683,CONSUMER
467,Fruits and vegetables,2010,0.18807219285459364,CONSUMER
468,Fruits and vegetables,2011,4.1,CONSUMER
469,Fruits and vegetables,2012,-0.6,CONSUMER
470,Fruits and vegetables,2013,2.5,CONSUMER
471,Fruits and vegetables,2014,1.5,CONSUMER
472,Fruits and vegetables,2015,-0.2,CONSUMER
473,Fruits and vegetables,2016,0.8,CONSUMER
44,Intermediate foods and feeds,1974,18.9,PRODUCER
45,Intermediate foods and feeds,1975,-2.4,PRODUCER
46,Intermediate foods and feeds,1976,-5.1,PRODUCER
47,Intermediate foods and feeds,1977,2.8,PRODUCER
48,Intermediate foods and feeds,1978,6.5,PRODUCER
49,Intermediate foods and feeds,1979,11.4,PRODUCER
50,Intermediate foods and feeds,1980,11.6,PRODUCER
51,Intermediate foods and feeds,1981,-0.9,PRODUCER
52,Intermediate foods and feeds,1982,-4.4,PRODUCER
53,Intermediate foods and feeds,1983,3.6,PRODUCER
54,Intermediate foods and feeds,1984,2,PRODUCER
55,Intermediate foods and feeds,1985,-7.9,PRODUCER
56,Intermediate foods and feeds,1986,-1.1,PRODUCER
57,Intermediate foods and feeds,1987,3.1,PRODUCER
58,Intermediate foods and feeds,1988,10.4,PRODUCER
59,Intermediate foods and feeds,1989,3.9,PRODUCER
60,Intermediate foods and feeds,1990,-0.4,PRODUCER
61,Intermediate foods and feeds,1991,-1.9,PRODUCER
62,Intermediate foods and feeds,1992,-0.4,PRODUCER
63,Intermediate foods and feeds,1993,1.8,PRODUCER
64,Intermediate foods and feeds,1994,1.9,PRODUCER
65,Intermediate foods and feeds,1995,0,PRODUCER
66,Intermediate foods and feeds,1996,11.6,PRODUCER
67,Intermediate foods and feeds,1997,-2.1,PRODUCER
68,Intermediate foods and feeds,1998,-7.3,PRODUCER
69,Intermediate foods and feeds,1999,-4.4,PRODUCER
70,Intermediate foods and feeds,2000,0.5,PRODUCER
71,Intermediate foods and feeds,2001,3.8,PRODUCER
72,Intermediate foods and feeds,2002,-0.3,PRODUCER
73,Intermediate foods and feeds,2003,9,PRODUCER
74,Intermediate foods and feeds,2004,8.9,PRODUCER
75,Intermediate foods and feeds,2005,-2.4,PRODUCER
76,Intermediate foods and feeds,2006,1,PRODUCER
77,Intermediate foods and feeds,2007,14.2,PRODUCER
78,Intermediate foods and feeds,2008,17.6,PRODUCER
79,Intermediate foods and feeds,2009,-8.6,PRODUCER
80,Intermediate foods and feeds,2010,3.4,PRODUCER
81,Intermediate foods and feeds,2011,12,PRODUCER
82,Intermediate foods and feeds,2012,4.757159568476209,PRODUCER
83,Intermediate foods and feeds,2013,1.4,PRODUCER
84,Intermediate foods and feeds,2014,3.2,PRODUCER
85,Intermediate foods and feeds,2015,-6.2,PRODUCER
86,Intermediate foods and feeds,2016,-4.7,PRODUCER
44,Meats,1974,1.8,CONSUMER
45,Meats,1975,8.5,CONSUMER
46,Meats,1976,0.2,CONSUMER
47,Meats,1977,-2.3,CONSUMER
48,Meats,1978,18.6,CONSUMER
49,Meats,1979,17,CONSUMER
50,Meats,1980,2.9,CONSUMER
51,Meats,1981,3.6,CONSUMER
52,Meats,1982,4.9,CONSUMER
53,Meats,1983,-1.2,CONSUMER
54,Meats,1984,0.3,CONSUMER
55,Meats,1985,-0.9,CONSUMER
56,Meats,1986,3.1,CONSUMER
57,Meats,1987,7.5,CONSUMER
58,Meats,1988,2.4,CONSUMER
59,Meats,1989,4,CONSUMER
60,Meats,1990,10.1,CONSUMER
61,Meats,1991,3.1,CONSUMER
62,Meats,1992,-1.4,CONSUMER
63,Meats,1993,3,CONSUMER
64,Meats,1994,0.6,CONSUMER
65,Meats,1995,0.1,CONSUMER
66,Meats,1996,3.5,CONSUMER
67,Meats,1997,3,CONSUMER
68,Meats,1998,-1.9,CONSUMER
69,Meats,1999,0.5,CONSUMER
70,Meats,2000,5.9,CONSUMER
71,Meats,2001,5.7,CONSUMER
72,Meats,2002,0.6,CONSUMER
73,Meats,2003,5.4,CONSUMER
74,Meats,2004,8.4,CONSUMER
75,Meats,2005,2.3,CONSUMER
76,Meats,2006,0.7,CONSUMER
77,Meats,2007,3.3,CONSUMER
78,Meats,2008,3.5,CONSUMER
79,Meats,2009,-0.6293710047514657,CONSUMER
80,Meats,2010,2.8355635744414798,CONSUMER
81,Meats,2011,8.8,CONSUMER
82,Meats,2012,3.4,CONSUMER
83,Meats,2013,1.2,CONSUMER
84,Meats,2014,9.2,CONSUMER
85,Meats,2015,3,CONSUMER
86,Meats,2016,-4.4,CONSUMER
1,"Meats, poultry, and fish",1974,2.2,CONSUMER
2,"Meats, poultry, and fish",1975,8.5,CONSUMER
3,"Meats, poultry, and fish",1976,0.9,CONSUMER
4,"Meats, poultry, and fish",1977,-0.6,CONSUMER
5,"Meats, poultry, and fish",1978,16.7,CONSUMER
6,"Meats, poultry, and fish",1979,14.9,CONSUMER
7,"Meats, poultry, and fish",1980,3.7,CONSUMER
8,"Meats, poultry, and fish",1981,4.1,CONSUMER
9,"Meats, poultry, and fish",1982,4.1,CONSUMER
10,"Meats, poultry, and fish",1983,-0.7,CONSUMER
11,"Meats, poultry, and fish",1984,1.7,CONSUMER
12,"Meats, poultry, and fish",1985,-0.4,CONSUMER
13,"Meats, poultry, and fish",1986,4.4,CONSUMER
14,"Meats, poultry, and fish",1987,6.5,CONSUMER
15,"Meats, poultry, and fish",1988,3.5,CONSUMER
16,"Meats, poultry, and fish",1989,5,CONSUMER
17,"Meats, poultry, and fish",1990,7.3,CONSUMER
18,"Meats, poultry, and fish",1991,2.3,CONSUMER
19,"Meats, poultry, and fish",1992,-0.8,CONSUMER
20,"Meats, poultry, and fish",1993,3.3,CONSUMER
21,"Meats, poultry, and fish",1994,1.5,CONSUMER
22,"Meats, poultry, and fish",1995,0.9,CONSUMER
23,"Meats, poultry, and fish",1996,3.5,CONSUMER
24,"Meats, poultry, and fish",1997,2.9,CONSUMER
25,"Meats, poultry, and fish",1998,-0.8,CONSUMER
26,"Meats, poultry, and fish",1999,0.7,CONSUMER
27,"Meats, poultry, and fish",2000,4.5,CONSUMER
28,"Meats, poultry, and fish",2001,4.4,CONSUMER
29,"Meats, poultry, and fish",2002,0.5,CONSUMER
30,"Meats, poultry, and fish",2003,4,CONSUMER
31,"Meats, poultry, and fish",2004,7.4,CONSUMER
32,"Meats, poultry, and fish",2005,2.4,CONSUMER
33,"Meats, poultry, and fish",2006,0.8,CONSUMER
34,"Meats, poultry, and fish",2007,3.8,CONSUMER
35,"Meats, poultry, and fish",2008,4.2,CONSUMER
36,"Meats, poultry, and fish",2009,0.5177692529066055,CONSUMER
37,"Meats, poultry, and fish",2010,1.9221848674471076,CONSUMER
38,"Meats, poultry, and fish",2011,7.4,CONSUMER
39,"Meats, poultry, and fish",2012,3.6,CONSUMER
40,"Meats, poultry, and fish",2013,2.1,CONSUMER
41,"Meats, poultry, and fish",2014,7.2,CONSUMER
42,"Meats, poultry, and fish",2015,1.9,CONSUMER
43,"Meats, poultry, and fish",2016,-3.5,CONSUMER
689,Nonalcoholic beverages,1974,19.3,CONSUMER
690,Nonalcoholic beverages,1975,15,CONSUMER
691,Nonalcoholic beverages,1976,19.6,CONSUMER
692,Nonalcoholic beverages,1977,50.6,CONSUMER
693,Nonalcoholic beverages,1978,5.8,CONSUMER
694,Nonalcoholic beverages,1979,5,CONSUMER
695,Nonalcoholic beverages,1980,10.7,CONSUMER
696,Nonalcoholic beverages,1981,4.3,CONSUMER
697,Nonalcoholic beverages,1982,2.7,CONSUMER
698,Nonalcoholic beverages,1983,1.9,CONSUMER
699,Nonalcoholic beverages,1984,2.5,CONSUMER
700,Nonalcoholic beverages,1985,2,CONSUMER
701,Nonalcoholic beverages,1986,5.8,CONSUMER
702,Nonalcoholic beverages,1987,-2.6,CONSUMER
703,Nonalcoholic beverages,1988,0,CONSUMER
704,Nonalcoholic beverages,1989,3.5,CONSUMER
705,Nonalcoholic beverages,1990,2,CONSUMER
706,Nonalcoholic beverages,1991,0.5,CONSUMER
707,Nonalcoholic beverages,1992,0.2,CONSUMER
708,Nonalcoholic beverages,1993,0.3,CONSUMER
709,Nonalcoholic beverages,1994,7.5,CONSUMER
710,Nonalcoholic beverages,1995,6.9,CONSUMER
711,Nonalcoholic beverages,1996,-2.4,CONSUMER
712,Nonalcoholic beverages,1997,3.7,CONSUMER
713,Nonalcoholic beverages,1998,-0.3,CONSUMER
714,Nonalcoholic beverages,1999,1,CONSUMER
715,Nonalcoholic beverages,2000,2.6,CONSUMER
716,Nonalcoholic beverages,2001,1,CONSUMER
717,Nonalcoholic beverages,2002,0,CONSUMER
718,Nonalcoholic beverages,2003,0.4,CONSUMER
719,Nonalcoholic beverages,2004,0.4,CONSUMER
720,Nonalcoholic beverages,2005,2.8,CONSUMER
721,Nonalcoholic beverages,2006,2.1,CONSUMER
722,Nonalcoholic beverages,2007,4.1,CONSUMER
723,Nonalcoholic beverages,2008,4.3,CONSUMER
724,Nonalcoholic beverages,2009,1.8677608062336606,CONSUMER
725,Nonalcoholic beverages,2010,-0.878396406471893,CONSUMER
726,Nonalcoholic beverages,2011,3.2,CONSUMER
727,Nonalcoholic beverages,2012,1.1,CONSUMER
728,Nonalcoholic beverages,2013,-1,CONSUMER
729,Nonalcoholic beverages,2014,-0.5,CONSUMER
730,Nonalcoholic beverages,2015,1.1,CONSUMER
731,Nonalcoholic beverages,2016,-0.4,CONSUMER
732,Other foods,1974,21.4,CONSUMER
733,Other foods,1975,12.8,CONSUMER
734,Other foods,1976,4.1,CONSUMER
735,Other foods,1977,3.4,CONSUMER
736,Other foods,1978,8,CONSUMER
737,Other foods,1979,10.1,CONSUMER
738,Other foods,1980,10.9,CONSUMER
739,Other foods,1981,10.3,CONSUMER
740,Other foods,1982,5.2,CONSUMER
741,Other foods,1983,3.1,CONSUMER
742,Other foods,1984,3,CONSUMER
743,Other foods,1985,3.3,CONSUMER
744,Other foods,1986,2.6,CONSUMER
745,Other foods,1987,4.2,CONSUMER
746,Other foods,1988,3.7,CONSUMER
747,Other foods,1989,6.4,CONSUMER
748,Other foods,1990,4.5,CONSUMER
749,Other foods,1991,4.5,CONSUMER
750,Other foods,1992,2.2,CONSUMER
751,Other foods,1993,2.6,CONSUMER
752,Other foods,1994,2.6,CONSUMER
753,Other foods,1995,2.4,CONSUMER
754,Other foods,1996,3.4,CONSUMER
755,Other foods,1997,3.2,CONSUMER
756,Other foods,1998,2.7,CONSUMER
757,Other foods,1999,2.1,CONSUMER
758,Other foods,2000,2,CONSUMER
759,Other foods,2001,2.2,CONSUMER
760,Other foods,2002,0.6,CONSUMER
761,Other foods,2003,1,CONSUMER
762,Other foods,2004,0.5,CONSUMER
763,Other foods,2005,1.6,CONSUMER
764,Other foods,2006,1.4,CONSUMER
765,Other foods,2007,1.8,CONSUMER
766,Other foods,2008,5.2,CONSUMER
767,Other foods,2009,3.732278774407559,CONSUMER
768,Other foods,2010,-0.4592128255173744,CONSUMER
769,Other foods,2011,2.3,CONSUMER
770,Other foods,2012,3.5,CONSUMER
771,Other foods,2013,0.5,CONSUMER
772,Other foods,2014,1,CONSUMER
773,Other foods,2015,1.6,CONSUMER
774,Other foods,2016,0.3,CONSUMER
173,Other meats,1974,3.1,CONSUMER
174,Other meats,1975,5.9,CONSUMER
175,Other meats,1976,5.9,CONSUMER
176,Other meats,1977,-0.6,CONSUMER
177,Other meats,1978,17.7,CONSUMER
178,Other meats,1979,14.7,CONSUMER
179,Other meats,1980,3.8,CONSUMER
180,Other meats,1981,4.3,CONSUMER
181,Other meats,1982,3,CONSUMER
182,Other meats,1983,-0.4,CONSUMER
183,Other meats,1984,0.4,CONSUMER
184,Other meats,1985,0.7,CONSUMER
185,Other meats,1986,2.6,CONSUMER
186,Other meats,1987,6.3,CONSUMER
187,Other meats,1988,2.6,CONSUMER
188,Other meats,1989,2.8,CONSUMER
189,Other meats,1990,9.3,CONSUMER
190,Other meats,1991,3.7,CONSUMER
191,Other meats,1992,0.2,CONSUMER
192,Other meats,1993,1.6,CONSUMER
193,Other meats,1994,2.4,CONSUMER
194,Other meats,1995,1.5,CONSUMER
195,Other meats,1996,3.6,CONSUMER
196,Other meats,1997,2.8,CONSUMER
197,Other meats,1998,-0.9,CONSUMER
198,Other meats,1999,1,CONSUMER
199,Other meats,2000,2.6,CONSUMER
200,Other meats,2001,2.9,CONSUMER
201,Other meats,2002,3.5,CONSUMER
202,Other meats,2003,2.5,CONSUMER
203,Other meats,2004,4.5,CONSUMER
204,Other meats,2005,2.4,CONSUMER
205,Other meats,2006,1.8,CONSUMER
206,Other meats,2007,2.3,CONSUMER
207,Other meats,2008,3.1,CONSUMER
208,Other meats,2009,2.263519333571773,CONSUMER
209,Other meats,2010,-0.05921774428709892,CONSUMER
210,Other meats,2011,6.4,CONSUMER
211,Other meats,2012,1.7,CONSUMER
212,Other meats,2013,-0.1,CONSUMER
213,Other meats,2014,3.9,CONSUMER
214,Other meats,2015,4.1,CONSUMER
215,Other meats,2016,-0.9,CONSUMER
130,Pork,1974,-0.5,CONSUMER
131,Pork,1975,22.4,CONSUMER
132,Pork,1976,1.3,CONSUMER
133,Pork,1977,-5.4,CONSUMER
134,Pork,1978,12.9,CONSUMER
135,Pork,1979,1.6,CONSUMER
136,Pork,1980,-3.3,CONSUMER
137,Pork,1981,9.3,CONSUMER
138,Pork,1982,12.8,CONSUMER
139,Pork,1983,-0.9,CONSUMER
140,Pork,1984,-1.3,CONSUMER
141,Pork,1985,0.3,CONSUMER
142,Pork,1986,8.2,CONSUMER
143,Pork,1987,8.2,CONSUMER
144,Pork,1988,-3,CONSUMER
145,Pork,1989,0.6,CONSUMER
146,Pork,1990,14.7,CONSUMER
147,Pork,1991,3.3,CONSUMER
148,Pork,1992,-4.7,CONSUMER
149,Pork,1993,3.1,CONSUMER
150,Pork,1994,1.7,CONSUMER
151,Pork,1995,0.7,CONSUMER
152,Pork,1996,9.9,CONSUMER
153,Pork,1997,5.2,CONSUMER
154,Pork,1998,-4.7,CONSUMER
155,Pork,1999,-1.8,CONSUMER
156,Pork,2000,7.3,CONSUMER
157,Pork,2001,3.8,CONSUMER
158,Pork,2002,-0.4,CONSUMER
159,Pork,2003,1.9,CONSUMER
160,Pork,2004,5.6,CONSUMER
161,Pork,2005,2,CONSUMER
162,Pork,2006,-0.2,CONSUMER
163,Pork,2007,2,CONSUMER
164,Pork,2008,2.3,CONSUMER
165,Pork,2009,-1.9821626974922995,CONSUMER
166,Pork,2010,4.737062412039039,CONSUMER
167,Pork,2011,8.5,CONSUMER
168,Pork,2012,0.3,CONSUMER
169,Pork,2013,0.9,CONSUMER
170,Pork,2014,9.1,CONSUMER
171,Pork,2015,-3.9,CONSUMER
172,Pork,2016,-4.1,CONSUMER
216,Poultry,1974,-5.1,CONSUMER
217,Poultry,1975,10.5,CONSUMER
218,Poultry,1976,-4.1,CONSUMER
219,Poultry,1977,0.7,CONSUMER
220,Poultry,1978,10.4,CONSUMER
221,Poultry,1979,4.9,CONSUMER
222,Poultry,1980,5.2,CONSUMER
223,Poultry,1981,4.1,CONSUMER
224,Poultry,1982,-1.7,CONSUMER
225,Poultry,1983,1.3,CONSUMER
226,Poultry,1984,10.6,CONSUMER
227,Poultry,1985,-1,CONSUMER
228,Poultry,1986,7.5,CONSUMER
229,Poultry,1987,-1.4,CONSUMER
230,Poultry,1988,7.2,CONSUMER
231,Poultry,1989,9.9,CONSUMER
232,Poultry,1990,-0.2,CONSUMER
233,Poultry,1991,-0.8,CONSUMER
234,Poultry,1992,-0.1,CONSUMER
235,Poultry,1993,4.2,CONSUMER
236,Poultry,1994,3.4,CONSUMER
237,Poultry,1995,1.4,CONSUMER
238,Poultry,1996,6.2,CONSUMER
239,Poultry,1997,2.8,CONSUMER
240,Poultry,1998,0.3,CONSUMER
241,Poultry,1999,0.5,CONSUMER
242,Poultry,2000,1.2,CONSUMER
243,Poultry,2001,3.2,CONSUMER
244,Poultry,2002,1.3,CONSUMER
245,Poultry,2003,1.3,CONSUMER
246,Poultry,2004,7.5,CONSUMER
247,Poultry,2005,2,CONSUMER
248,Poultry,2006,-1.8,CONSUMER
249,Poultry,2007,5.1,CONSUMER
250,Poultry,2008,5,CONSUMER
251,Poultry,2009,1.6520125749901096,CONSUMER
252,Poultry,2010,-0.11845865821393797,CONSUMER
253,Poultry,2011,2.9,CONSUMER
254,Poultry,2012,5.5,CONSUMER
255,Poultry,2013,4.7,CONSUMER
256,Poultry,2014,2,CONSUMER
257,Poultry,2015,0.4,CONSUMER
258,Poultry,2016,-2.7,CONSUMER
603,Sugar and sweets,1974,52.4,CONSUMER
604,Sugar and sweets,1975,26.1,CONSUMER
605,Sugar and sweets,1976,-11.3,CONSUMER
606,Sugar and sweets,1977,5,CONSUMER
607,Sugar and sweets,1978,12.3,CONSUMER
608,Sugar and sweets,1979,7.8,CONSUMER
609,Sugar and sweets,1980,23,CONSUMER
610,Sugar and sweets,1981,8,CONSUMER
611,Sugar and sweets,1982,-0.2,CONSUMER
612,Sugar and sweets,1983,1.8,CONSUMER
613,Sugar and sweets,1984,3.9,CONSUMER
614,Sugar and sweets,1985,2.5,CONSUMER
615,Sugar and sweets,1986,3,CONSUMER
616,Sugar and sweets,1987,1.8,CONSUMER
617,Sugar and sweets,1988,2.7,CONSUMER
618,Sugar and sweets,1989,4.7,CONSUMER
619,Sugar and sweets,1990,4.4,CONSUMER
620,Sugar and sweets,1991,3.7,CONSUMER
621,Sugar and sweets,1992,2.9,CONSUMER
622,Sugar and sweets,1993,0.2,CONSUMER
623,Sugar and sweets,1994,1.3,CONSUMER
624,Sugar and sweets,1995,1.7,CONSUMER
625,Sugar and sweets,1996,4.5,CONSUMER
626,Sugar and sweets,1997,2.9,CONSUMER
627,Sugar and sweets,1998,1.6,CONSUMER
628,Sugar and sweets,1999,1.4,CONSUMER
629,Sugar and sweets,2000,1.1,CONSUMER
630,Sugar and sweets,2001,1.1,CONSUMER
631,Sugar and sweets,2002,2.1,CONSUMER
632,Sugar and sweets,2003,1.9,CONSUMER
633,Sugar and sweets,2004,0.7,CONSUMER
634,Sugar and sweets,2005,1.2,CONSUMER
635,Sugar and sweets,2006,3.8,CONSUMER
636,Sugar and sweets,2007,3.1,CONSUMER
637,Sugar and sweets,2008,5.5,CONSUMER
638,Sugar and sweets,2009,5.550667286012892,CONSUMER
639,Sugar and sweets,2010,2.1879700998013174,CONSUMER
640,Sugar and sweets,2011,3.3,CONSUMER
641,Sugar and sweets,2012,3.3,CONSUMER
642,Sugar and sweets,2013,-1.7,CONSUMER
643,Sugar and sweets,2014,-0.8,CONSUMER
644,Sugar and sweets,2015,3.2,CONSUMER
645,Sugar and sweets,2016,-0.4,CONSUMER
173,Wholesale beef,1974,-3.1,PRODUCER
174,Wholesale beef,1975,11.1,PRODUCER
175,Wholesale beef,1976,-11.4,PRODUCER
176,Wholesale beef,1977,0.9,PRODUCER
177,Wholesale beef,1978,28.3,PRODUCER
178,Wholesale beef,1979,24.7,PRODUCER
179,Wholesale beef,1980,3.2,PRODUCER
180,Wholesale beef,1981,-5.2,PRODUCER
181,Wholesale beef,1982,-0.7,PRODUCER
182,Wholesale beef,1983,-3.6,PRODUCER
183,Wholesale beef,1984,0.3,PRODUCER
184,Wholesale beef,1985,-6.6,PRODUCER
185,Wholesale beef,1986,-2.4,PRODUCER
186,Wholesale beef,1987,8.4,PRODUCER
187,Wholesale beef,1988,6.2,PRODUCER
188,Wholesale beef,1989,7.4,PRODUCER
189,Wholesale beef,1990,6.5,PRODUCER
190,Wholesale beef,1991,-3.3,PRODUCER
191,Wholesale beef,1992,-2.4,PRODUCER
192,Wholesale beef,1993,3.1,PRODUCER
193,Wholesale beef,1994,-8.2,PRODUCER
194,Wholesale beef,1995,-2.6,PRODUCER
195,Wholesale beef,1996,-0.7,PRODUCER
196,Wholesale beef,1997,2.6,PRODUCER
197,Wholesale beef,1998,-3.3,PRODUCER
198,Wholesale beef,1999,6.9,PRODUCER
199,Wholesale beef,2000,7,PRODUCER
200,Wholesale beef,2001,6.1,PRODUCER
201,Wholesale beef,2002,-4.9,PRODUCER
202,Wholesale beef,2003,20.2,PRODUCER
203,Wholesale beef,2004,2.4,PRODUCER
204,Wholesale beef,2005,4.4,PRODUCER
205,Wholesale beef,2006,-3.5,PRODUCER
206,Wholesale beef,2007,2.7,PRODUCER
207,Wholesale beef,2008,5.2,PRODUCER
208,Wholesale beef,2009,-7.4,PRODUCER
209,Wholesale beef,2010,10.3,PRODUCER
210,Wholesale beef,2011,15,PRODUCER
211,Wholesale beef,2012,9.987550145248294,PRODUCER
212,Wholesale beef,2013,0,PRODUCER
213,Wholesale beef,2014,19.1,PRODUCER
214,Wholesale beef,2015,3.4,PRODUCER
215,Wholesale beef,2016,-15.5,PRODUCER
388,Wholesale dairy,1974,11.6,PRODUCER
389,Wholesale dairy,1975,6.5,PRODUCER
390,Wholesale dairy,1976,8.1,PRODUCER
391,Wholesale dairy,1977,3,PRODUCER
392,Wholesale dairy,1978,8.6,PRODUCER
393,Wholesale dairy,1979,12.2,PRODUCER
394,Wholesale dairy,1980,9.2,PRODUCER
395,Wholesale dairy,1981,6.5,PRODUCER
396,Wholesale dairy,1982,1.3,PRODUCER
397,Wholesale dairy,1983,0.7,PRODUCER
398,Wholesale dairy,1984,0.4,PRODUCER
399,Wholesale dairy,1985,-0.9,PRODUCER
400,Wholesale dairy,1986,-0.3,PRODUCER
401,Wholesale dairy,1987,1.7,PRODUCER
402,Wholesale dairy,1988,0.6,PRODUCER
403,Wholesale dairy,1989,8.2,PRODUCER
404,Wholesale dairy,1990,6,PRODUCER
405,Wholesale dairy,1991,-2.2,PRODUCER
406,Wholesale dairy,1992,2.9,PRODUCER
407,Wholesale dairy,1993,0.2,PRODUCER
408,Wholesale dairy,1994,1.1,PRODUCER
409,Wholesale dairy,1995,0.3,PRODUCER
410,Wholesale dairy,1996,8.9,PRODUCER
411,Wholesale dairy,1997,-1.8,PRODUCER
412,Wholesale dairy,1998,7.9,PRODUCER
413,Wholesale dairy,1999,0.7,PRODUCER
414,Wholesale dairy,2000,-4,PRODUCER
415,Wholesale dairy,2001,8.6,PRODUCER
416,Wholesale dairy,2002,-6.2,PRODUCER
417,Wholesale dairy,2003,2.3,PRODUCER
418,Wholesale dairy,2004,11.8,PRODUCER
419,Wholesale dairy,2005,-0.9,PRODUCER
420,Wholesale dairy,2006,-4.5,PRODUCER
421,Wholesale dairy,2007,19.1,PRODUCER
422,Wholesale dairy,2008,4,PRODUCER
423,Wholesale dairy,2009,-14,PRODUCER
424,Wholesale dairy,2010,10.8,PRODUCER
425,Wholesale dairy,2011,12.6,PRODUCER
426,Wholesale dairy,2012,-1.5611706653054156,PRODUCER
427,Wholesale dairy,2013,3.6,PRODUCER
428,Wholesale dairy,2014,11,PRODUCER
429,Wholesale dairy,2015,-12.7,PRODUCER
430,Wholesale dairy,2016,-1.7,PRODUCER
474,Wholesale fats and oils,1974,59.4,PRODUCER
475,Wholesale fats and oils,1975,-13.1,PRODUCER
476,Wholesale fats and oils,1976,-20.9,PRODUCER
477,Wholesale fats and oils,1977,16.5,PRODUCER
478,Wholesale fats and oils,1978,8.5,PRODUCER
479,Wholesale fats and oils,1979,8,PRODUCER
480,Wholesale fats and oils,1980,-6.8,PRODUCER
481,Wholesale fats and oils,1981,0.3,PRODUCER
482,Wholesale fats and oils,1982,-5.4,PRODUCER
483,Wholesale fats and oils,1983,11,PRODUCER
484,Wholesale fats and oils,1984,26.2,PRODUCER
485,Wholesale fats and oils,1985,-10.4,PRODUCER
486,Wholesale fats and oils,1986,-23.1,PRODUCER
487,Wholesale fats and oils,1987,1.5,PRODUCER
488,Wholesale fats and oils,1988,19.7,PRODUCER
489,Wholesale fats and oils,1989,-4.4,PRODUCER
490,Wholesale fats and oils,1990,6.5,PRODUCER
491,Wholesale fats and oils,1991,-6.2,PRODUCER
492,Wholesale fats and oils,1992,-2.9,PRODUCER
493,Wholesale fats and oils,1993,7.4,PRODUCER
494,Wholesale fats and oils,1994,16.2,PRODUCER
495,Wholesale fats and oils,1995,2,PRODUCER
496,Wholesale fats and oils,1996,-5.6,PRODUCER
497,Wholesale fats and oils,1997,-0.1,PRODUCER
498,Wholesale fats and oils,1998,8,PRODUCER
499,Wholesale fats and oils,1999,-13.6,PRODUCER
500,Wholesale fats and oils,2000,-9.8,PRODUCER
501,Wholesale fats and oils,2001,-2.6,PRODUCER
502,Wholesale fats and oils,2002,10.7,PRODUCER
503,Wholesale fats and oils,2003,31,PRODUCER
504,Wholesale fats and oils,2004,19.3,PRODUCER
505,Wholesale fats and oils,2005,-4.5,PRODUCER
506,Wholesale fats and oils,2006,-0.4,PRODUCER
507,Wholesale fats and oils,2007,17.5,PRODUCER
508,Wholesale fats and oils,2008,42.7,PRODUCER
509,Wholesale fats and oils,2009,-23.3,PRODUCER
510,Wholesale fats and oils,2010,4.3,PRODUCER
511,Wholesale fats and oils,2011,29.3,PRODUCER
512,Wholesale fats and oils,2012,-1.9623920411063602,PRODUCER
513,Wholesale fats and oils,2013,-6.7,PRODUCER
514,Wholesale fats and oils,2014,-6.6,PRODUCER
515,Wholesale fats and oils,2015,-5.5,PRODUCER
516,Wholesale fats and oils,2016,-0.8,PRODUCER
216,Wholesale pork,1974,1.1,PRODUCER
217,Wholesale pork,1975,32.4,PRODUCER
218,Wholesale pork,1976,-6.2,PRODUCER
219,Wholesale pork,1977,-5.6,PRODUCER
220,Wholesale pork,1978,15.3,PRODUCER
221,Wholesale pork,1979,-6.5,PRODUCER
222,Wholesale pork,1980,-3.9,PRODUCER
223,Wholesale pork,1981,10.8,PRODUCER
224,Wholesale pork,1982,15.1,PRODUCER
225,Wholesale pork,1983,-9.4,PRODUCER
226,Wholesale pork,1984,-0.4,PRODUCER
227,Wholesale pork,1985,-1.2,PRODUCER
228,Wholesale pork,1986,12.1,PRODUCER
229,Wholesale pork,1987,5,PRODUCER
230,Wholesale pork,1988,-9.4,PRODUCER
231,Wholesale pork,1989,2.8,PRODUCER
232,Wholesale pork,1990,22.6,PRODUCER
233,Wholesale pork,1991,-5.3,PRODUCER
234,Wholesale pork,1992,-12.8,PRODUCER
235,Wholesale pork,1993,6.9,PRODUCER
236,Wholesale pork,1994,-4.1,PRODUCER
237,Wholesale pork,1995,0.1,PRODUCER
238,Wholesale pork,1996,19.1,PRODUCER
239,Wholesale pork,1997,1.8,PRODUCER
240,Wholesale pork,1998,-21.5,PRODUCER
241,Wholesale pork,1999,-0.6,PRODUCER
242,Wholesale pork,2000,18.1,PRODUCER
243,Wholesale pork,2001,6.1,PRODUCER
244,Wholesale pork,2002,-9.4,PRODUCER
245,Wholesale pork,2003,6.1,PRODUCER
246,Wholesale pork,2004,14.7,PRODUCER
247,Wholesale pork,2005,-0.6,PRODUCER
248,Wholesale pork,2006,-3,PRODUCER
249,Wholesale pork,2007,4.1,PRODUCER
250,Wholesale pork,2008,-2,PRODUCER
251,Wholesale pork,2009,-11.5,PRODUCER
252,Wholesale pork,2010,23.2,PRODUCER
253,Wholesale pork,2011,12.5,PRODUCER
254,Wholesale pork,2012,-4.105175639160281,PRODUCER
255,Wholesale pork,2013,3.6,PRODUCER
256,Wholesale pork,2014,19.6,PRODUCER
257,Wholesale pork,2015,-23.4,PRODUCER
258,Wholesale pork,2016,-1.9,PRODUCER
259,Wholesale poultry,1974,-11.3,PRODUCER
260,Wholesale poultry,1975,17,PRODUCER
261,Wholesale poultry,1976,-9.7,PRODUCER
262,Wholesale poultry,1977,4.3,PRODUCER
263,Wholesale poultry,1978,12,PRODUCER
264,Wholesale poultry,1979,-2.8,PRODUCER
265,Wholesale poultry,1980,2.5,PRODUCER
266,Wholesale poultry,1981,0,PRODUCER
267,Wholesale poultry,1982,-7.6,PRODUCER
268,Wholesale poultry,1983,3.7,PRODUCER
269,Wholesale poultry,1984,11.2,PRODUCER
270,Wholesale poultry,1985,-4.2,PRODUCER
271,Wholesale poultry,1986,5.8,PRODUCER
272,Wholesale poultry,1987,-11.4,PRODUCER
273,Wholesale poultry,1988,7.8,PRODUCER
274,Wholesale poultry,1989,7.9,PRODUCER
275,Wholesale poultry,1990,-5.6,PRODUCER
276,Wholesale poultry,1991,-3.3,PRODUCER
277,Wholesale poultry,1992,-0.8,PRODUCER
278,Wholesale poultry,1993,2.5,PRODUCER
279,Wholesale poultry,1994,2.7,PRODUCER
280,Wholesale poultry,1995,-0.4,PRODUCER
281,Wholesale poultry,1996,4.8,PRODUCER
282,Wholesale poultry,1997,-1.9,PRODUCER
283,Wholesale poultry,1998,2.9,PRODUCER
284,Wholesale poultry,1999,-5.6,PRODUCER
285,Wholesale poultry,2000,-1,PRODUCER
286,Wholesale poultry,2001,3.5,PRODUCER
287,Wholesale poultry,2002,-4.7,PRODUCER
288,Wholesale poultry,2003,4.8,PRODUCER
289,Wholesale poultry,2004,11.7,PRODUCER
290,Wholesale poultry,2005,-1.2,PRODUCER
291,Wholesale poultry,2006,-8.2,PRODUCER
292,Wholesale poultry,2007,12.8,PRODUCER
293,Wholesale poultry,2008,3.9,PRODUCER
294,Wholesale poultry,2009,2.1,PRODUCER
295,Wholesale poultry,2010,1.4,PRODUCER
296,Wholesale poultry,2011,-1.5,PRODUCER
297,Wholesale poultry,2012,11.16421785566768,PRODUCER
298,Wholesale poultry,2013,3.8,PRODUCER
299,Wholesale poultry,2014,4.3,PRODUCER
300,Wholesale poultry,2015,-1.6,PRODUCER
301,Wholesale poultry,2016,-4.3,PRODUCER
646,Wholesale wheat flour,1974,29.4,PRODUCER
647,Wholesale wheat flour,1975,-13.5,PRODUCER
648,Wholesale wheat flour,1976,-9.5,PRODUCER
649,Wholesale wheat flour,1977,-19.6,PRODUCER
650,Wholesale wheat flour,1978,19.1,PRODUCER
651,Wholesale wheat flour,1979,21.5,PRODUCER
652,Wholesale wheat flour,1980,9.1,PRODUCER
653,Wholesale wheat flour,1981,2.2,PRODUCER
654,Wholesale wheat flour,1982,-4.4,PRODUCER
655,Wholesale wheat flour,1983,1.5,PRODUCER
656,Wholesale wheat flour,1984,-0.5,PRODUCER
657,Wholesale wheat flour,1985,-1.2,PRODUCER
658,Wholesale wheat flour,1986,-5.2,PRODUCER
659,Wholesale wheat flour,1987,-1.8,PRODUCER
660,Wholesale wheat flour,1988,13.8,PRODUCER
661,Wholesale wheat flour,1989,8.4,PRODUCER
662,Wholesale wheat flour,1990,-9.6,PRODUCER
663,Wholesale wheat flour,1991,-6.6,PRODUCER
664,Wholesale wheat flour,1992,13.1,PRODUCER
665,Wholesale wheat flour,1993,-0.5,PRODUCER
666,Wholesale wheat flour,1994,1.4,PRODUCER
667,Wholesale wheat flour,1995,11.4,PRODUCER
668,Wholesale wheat flour,1996,11.2,PRODUCER
669,Wholesale wheat flour,1997,-13.2,PRODUCER
670,Wholesale wheat flour,1998,-8,PRODUCER
671,Wholesale wheat flour,1999,-4.5,PRODUCER
672,Wholesale wheat flour,2000,-0.5,PRODUCER
673,Wholesale wheat flour,2001,5.9,PRODUCER
674,Wholesale wheat flour,2002,5.7,PRODUCER
675,Wholesale wheat flour,2003,6.4,PRODUCER
676,Wholesale wheat flour,2004,4.4,PRODUCER
677,Wholesale wheat flour,2005,10.2,PRODUCER
678,Wholesale wheat flour,2006,7.5,PRODUCER
679,Wholesale wheat flour,2007,8,PRODUCER
680,Wholesale wheat flour,2008,4.1,PRODUCER
681,Wholesale wheat flour,2009,-5.9,PRODUCER
682,Wholesale wheat flour,2010,10,PRODUCER
683,Wholesale wheat flour,2011,9.3,PRODUCER
684,Wholesale wheat flour,2012,2.0307395307395066,PRODUCER
685,Wholesale wheat flour,2013,0,PRODUCER
686,Wholesale wheat flour,2014,1.8,PRODUCER
687,Wholesale wheat flour,2015,-10,PRODUCER
688,Wholesale wheat flour,2016,-7.3,PRODUCER
